Block Name,Point ID,Points_0,Points_1,Points_2,Points_Magnitude,ids
block_2,746,25.4,0.05625,0,25.4001,12978
block_2,747,25.4,0,0,25.4,77
block_2,748,25.4,0.1125,0,25.4002,3354
block_2,751,25.4,0.16875,0,25.4006,12981
block_2,752,25.4,0.225,0,25.401,894
block_2,763,25.4,0.28125,0,25.4016,12990
block_2,764,25.4,0.3375,0,25.4022,3357
block_2,767,25.4,0.39375,0,25.4031,12993
block_2,768,25.4,0.45,0,25.404,252
block_2,811,25.4,0.50625,0,25.405,13026
block_2,812,25.4,0.5625,0,25.4062,3366
block_2,815,25.4,0.61875,0,25.4075,13029
block_2,816,25.4,0.675,0,25.409,897
block_2,827,25.4,0.73125,0,25.4105,13038
block_2,828,25.4,0.7875,0,25.4122,3369
block_2,831,25.4,0.84375,0,25.414,13041
block_2,832,25.4,0.9,0,25.4159,76
block_2,1003,25.4,0.95625,0,25.418,13170
block_2,1004,25.4,1.0125,0,25.4202,3402
block_2,1007,25.4,1.06875,0,25.4225,13173
block_2,1008,25.4,1.125,0,25.4249,906
block_2,1019,25.4,1.18125,0,25.4275,13182
block_2,1020,25.4,1.2375,0,25.4301,3405
block_2,1023,25.4,1.29375,0,25.4329,13185
block_2,1024,25.4,1.35,0,25.4359,255
block_2,1067,25.4,1.40625,0,25.4389,13218
block_2,1068,25.4,1.4625,0,25.4421,3414
block_2,1071,25.4,1.51875,0,25.4454,13221
block_2,1072,25.4,1.575,0,25.4488,909
block_2,1083,25.4,1.63125,0,25.4523,13230
block_2,1084,25.4,1.6875,0,25.456,3417
block_2,1087,25.4,1.74375,0,25.4598,13233
block_2,1088,25.4,1.8,0,25.4637,78
block_2,743,25.3375,0.05625,0,25.3376,12975
block_2,744,25.3375,0,0,25.3375,12976
block_2,745,25.3375,0.1125,0,25.3377,12977
block_2,749,25.3375,0.16875,0,25.3381,12979
block_2,750,25.3375,0.225,0,25.3385,12980
block_2,761,25.3375,0.28125,0,25.3391,12988
block_2,762,25.3375,0.3375,0,25.3397,12989
block_2,765,25.3375,0.39375,0,25.3406,12991
block_2,766,25.3375,0.45,0,25.3415,12992
block_2,809,25.3375,0.50625,0,25.3426,13024
block_2,810,25.3375,0.5625,0,25.3437,13025
block_2,813,25.3375,0.61875,0,25.3451,13027
block_2,814,25.3375,0.675,0,25.3465,13028
block_2,825,25.3375,0.73125,0,25.348,13036
block_2,826,25.3375,0.7875,0,25.3497,13037
block_2,829,25.3375,0.84375,0,25.3515,13039
block_2,830,25.3375,0.9,0,25.3535,13040
block_2,1001,25.3375,0.95625,0,25.3555,13168
block_2,1002,25.3375,1.0125,0,25.3577,13169
block_2,1005,25.3375,1.06875,0,25.36,13171
block_2,1006,25.3375,1.125,0,25.3625,13172
block_2,1017,25.3375,1.18125,0,25.365,13180
block_2,1018,25.3375,1.2375,0,25.3677,13181
block_2,1021,25.3375,1.29375,0,25.3705,13183
block_2,1022,25.3375,1.35,0,25.3734,13184
block_2,1065,25.3375,1.40625,0,25.3765,13216
block_2,1066,25.3375,1.4625,0,25.3797,13217
block_2,1069,25.3375,1.51875,0,25.383,13219
block_2,1070,25.3375,1.575,0,25.3864,13220
block_2,1081,25.3375,1.63125,0,25.39,13228
block_2,1082,25.3375,1.6875,0,25.3936,13229
block_2,1085,25.3375,1.74375,0,25.3974,13231
block_2,1086,25.3375,1.8,0,25.4014,13232
block_2,736,25.275,0.05625,0,25.2751,12971
block_2,737,25.275,0,0,25.275,3352
block_2,738,25.275,0.1125,0,25.2753,3351
block_2,741,25.275,0.16875,0,25.2756,12974
block_2,742,25.275,0.225,0,25.276,3353
block_2,755,25.275,0.28125,0,25.2766,12984
block_2,756,25.275,0.3375,0,25.2773,3355
block_2,759,25.275,0.39375,0,25.2781,12987
block_2,760,25.275,0.45,0,25.279,3356
block_2,803,25.275,0.50625,0,25.2801,13020
block_2,804,25.275,0.5625,0,25.2813,3364
block_2,807,25.275,0.61875,0,25.2826,13023
block_2,808,25.275,0.675,0,25.284,3365
block_2,819,25.275,0.73125,0,25.2856,13032
block_2,820,25.275,0.7875,0,25.2873,3367
block_2,823,25.275,0.84375,0,25.2891,13035
block_2,824,25.275,0.9,0,25.291,3368
block_2,995,25.275,0.95625,0,25.2931,13164
block_2,996,25.275,1.0125,0,25.2953,3400
block_2,999,25.275,1.06875,0,25.2976,13167
block_2,1000,25.275,1.125,0,25.3,3401
block_2,1011,25.275,1.18125,0,25.3026,13176
block_2,1012,25.275,1.2375,0,25.3053,3403
block_2,1015,25.275,1.29375,0,25.3081,13179
block_2,1016,25.275,1.35,0,25.311,3404
block_2,1059,25.275,1.40625,0,25.3141,13212
block_2,1060,25.275,1.4625,0,25.3173,3412
block_2,1063,25.275,1.51875,0,25.3206,13215
block_2,1064,25.275,1.575,0,25.324,3413
block_2,1075,25.275,1.63125,0,25.3276,13224
block_2,1076,25.275,1.6875,0,25.3313,3415
block_2,1079,25.275,1.74375,0,25.3351,13227
block_2,1080,25.275,1.8,0,25.339,3416
block_2,733,25.2125,0.05625,0,25.2126,12968
block_2,734,25.2125,0,0,25.2125,12969
block_2,735,25.2125,0.1125,0,25.2128,12970
block_2,739,25.2125,0.16875,0,25.2131,12972
block_2,740,25.2125,0.225,0,25.2135,12973
block_2,753,25.2125,0.28125,0,25.2141,12982
block_2,754,25.2125,0.3375,0,25.2148,12983
block_2,757,25.2125,0.39375,0,25.2156,12985
block_2,758,25.2125,0.45,0,25.2165,12986
block_2,801,25.2125,0.50625,0,25.2176,13018
block_2,802,25.2125,0.5625,0,25.2188,13019
block_2,805,25.2125,0.61875,0,25.2201,13021
block_2,806,25.2125,0.675,0,25.2215,13022
block_2,817,25.2125,0.73125,0,25.2231,13030
block_2,818,25.2125,0.7875,0,25.2248,13031
block_2,821,25.2125,0.84375,0,25.2266,13033
block_2,822,25.2125,0.9,0,25.2286,13034
block_2,993,25.2125,0.95625,0,25.2306,13162
block_2,994,25.2125,1.0125,0,25.2328,13163
block_2,997,25.2125,1.06875,0,25.2351,13165
block_2,998,25.2125,1.125,0,25.2376,13166
block_2,1009,25.2125,1.18125,0,25.2402,13174
block_2,1010,25.2125,1.2375,0,25.2429,13175
block_2,1013,25.2125,1.29375,0,25.2457,13177
block_2,1014,25.2125,1.35,0,25.2486,13178
block_2,1057,25.2125,1.40625,0,25.2517,13210
block_2,1058,25.2125,1.4625,0,25.2549,13211
block_2,1061,25.2125,1.51875,0,25.2582,13213
block_2,1062,25.2125,1.575,0,25.2616,13214
block_2,1073,25.2125,1.63125,0,25.2652,13222
block_2,1074,25.2125,1.6875,0,25.2689,13223
block_2,1077,25.2125,1.74375,0,25.2727,13225
block_2,1078,25.2125,1.8,0,25.2767,13226
block_2,710,25.15,0.05625,0,25.1501,12952
block_2,711,25.15,0,0,25.15,892
block_2,712,25.15,0.1125,0,25.1503,3347
block_2,715,25.15,0.16875,0,25.1506,12955
block_2,716,25.15,0.225,0,25.151,891
block_2,727,25.15,0.28125,0,25.1516,12964
block_2,728,25.15,0.3375,0,25.1523,3350
block_2,731,25.15,0.39375,0,25.1531,12967
block_2,732,25.15,0.45,0,25.154,893
block_2,779,25.15,0.50625,0,25.1551,13002
block_2,780,25.15,0.5625,0,25.1563,3360
block_2,783,25.15,0.61875,0,25.1576,13005
block_2,784,25.15,0.675,0,25.1591,895
block_2,795,25.15,0.73125,0,25.1606,13014
block_2,796,25.15,0.7875,0,25.1623,3363
block_2,799,25.15,0.84375,0,25.1641,13017
block_2,800,25.15,0.9,0,25.1661,896
block_2,971,25.15,0.95625,0,25.1682,13146
block_2,972,25.15,1.0125,0,25.1704,3396
block_2,975,25.15,1.06875,0,25.1727,13149
block_2,976,25.15,1.125,0,25.1751,904
block_2,987,25.15,1.18125,0,25.1777,13158
block_2,988,25.15,1.2375,0,25.1804,3399
block_2,991,25.15,1.29375,0,25.1833,13161
block_2,992,25.15,1.35,0,25.1862,905
block_2,1035,25.15,1.40625,0,25.1893,13194
block_2,1036,25.15,1.4625,0,25.1925,3408
block_2,1039,25.15,1.51875,0,25.1958,13197
block_2,1040,25.15,1.575,0,25.1993,907
block_2,1051,25.15,1.63125,0,25.2028,13206
block_2,1052,25.15,1.6875,0,25.2065,3411
block_2,1055,25.15,1.74375,0,25.2104,13209
block_2,1056,25.15,1.8,0,25.2143,908
block_2,707,25.0875,0.05625,0,25.0876,12949
block_2,708,25.0875,0,0,25.0875,12950
block_2,709,25.0875,0.1125,0,25.0878,12951
block_2,713,25.0875,0.16875,0,25.0881,12953
block_2,714,25.0875,0.225,0,25.0885,12954
block_2,725,25.0875,0.28125,0,25.0891,12962
block_2,726,25.0875,0.3375,0,25.0898,12963
block_2,729,25.0875,0.39375,0,25.0906,12965
block_2,730,25.0875,0.45,0,25.0915,12966
block_2,777,25.0875,0.50625,0,25.0926,13000
block_2,778,25.0875,0.5625,0,25.0938,13001
block_2,781,25.0875,0.61875,0,25.0951,13003
block_2,782,25.0875,0.675,0,25.0966,13004
block_2,793,25.0875,0.73125,0,25.0982,13012
block_2,794,25.0875,0.7875,0,25.0999,13013
block_2,797,25.0875,0.84375,0,25.1017,13015
block_2,798,25.0875,0.9,0,25.1036,13016
block_2,969,25.0875,0.95625,0,25.1057,13144
block_2,970,25.0875,1.0125,0,25.1079,13145
block_2,973,25.0875,1.06875,0,25.1103,13147
block_2,974,25.0875,1.125,0,25.1127,13148
block_2,985,25.0875,1.18125,0,25.1153,13156
block_2,986,25.0875,1.2375,0,25.118,13157
block_2,989,25.0875,1.29375,0,25.1208,13159
block_2,990,25.0875,1.35,0,25.1238,13160
block_2,1033,25.0875,1.40625,0,25.1269,13192
block_2,1034,25.0875,1.4625,0,25.1301,13193
block_2,1037,25.0875,1.51875,0,25.1334,13195
block_2,1038,25.0875,1.575,0,25.1369,13196
block_2,1049,25.0875,1.63125,0,25.1405,13204
block_2,1050,25.0875,1.6875,0,25.1442,13205
block_2,1053,25.0875,1.74375,0,25.148,13207
block_2,1054,25.0875,1.8,0,25.152,13208
block_2,700,25.025,0.05625,0,25.0251,12945
block_2,701,25.025,0,0,25.025,3345
block_2,702,25.025,0.1125,0,25.0253,3344
block_2,705,25.025,0.16875,0,25.0256,12948
block_2,706,25.025,0.225,0,25.026,3346
block_2,719,25.025,0.28125,0,25.0266,12958
block_2,720,25.025,0.3375,0,25.0273,3348
block_2,723,25.025,0.39375,0,25.0281,12961
block_2,724,25.025,0.45,0,25.029,3349
block_2,771,25.025,0.50625,0,25.0301,12996
block_2,772,25.025,0.5625,0,25.0313,3358
block_2,775,25.025,0.61875,0,25.0326,12999
block_2,776,25.025,0.675,0,25.0341,3359
block_2,787,25.025,0.73125,0,25.0357,13008
block_2,788,25.025,0.7875,0,25.0374,3361
block_2,791,25.025,0.84375,0,25.0392,13011
block_2,792,25.025,0.9,0,25.0412,3362
block_2,963,25.025,0.95625,0,25.0433,13140
block_2,964,25.025,1.0125,0,25.0455,3394
block_2,967,25.025,1.06875,0,25.0478,13143
block_2,968,25.025,1.125,0,25.0503,3395
block_2,979,25.025,1.18125,0,25.0529,13152
block_2,980,25.025,1.2375,0,25.0556,3397
block_2,983,25.025,1.29375,0,25.0584,13155
block_2,984,25.025,1.35,0,25.0614,3398
block_2,1027,25.025,1.40625,0,25.0645,13188
block_2,1028,25.025,1.4625,0,25.0677,3406
block_2,1031,25.025,1.51875,0,25.071,13191
block_2,1032,25.025,1.575,0,25.0745,3407
block_2,1043,25.025,1.63125,0,25.0781,13200
block_2,1044,25.025,1.6875,0,25.0818,3409
block_2,1047,25.025,1.74375,0,25.0857,13203
block_2,1048,25.025,1.8,0,25.0897,3410
block_2,697,24.9625,0.05625,0,24.9626,12942
block_2,698,24.9625,0,0,24.9625,12943
block_2,699,24.9625,0.1125,0,24.9628,12944
block_2,703,24.9625,0.16875,0,24.9631,12946
block_2,704,24.9625,0.225,0,24.9635,12947
block_2,717,24.9625,0.28125,0,24.9641,12956
block_2,718,24.9625,0.3375,0,24.9648,12957
block_2,721,24.9625,0.39375,0,24.9656,12959
block_2,722,24.9625,0.45,0,24.9666,12960
block_2,769,24.9625,0.50625,0,24.9676,12994
block_2,770,24.9625,0.5625,0,24.9688,12995
block_2,773,24.9625,0.61875,0,24.9702,12997
block_2,774,24.9625,0.675,0,24.9716,12998
block_2,785,24.9625,0.73125,0,24.9732,13006
block_2,786,24.9625,0.7875,0,24.9749,13007
block_2,789,24.9625,0.84375,0,24.9768,13009
block_2,790,24.9625,0.9,0,24.9787,13010
block_2,961,24.9625,0.95625,0,24.9808,13138
block_2,962,24.9625,1.0125,0,24.983,13139
block_2,965,24.9625,1.06875,0,24.9854,13141
block_2,966,24.9625,1.125,0,24.9878,13142
block_2,977,24.9625,1.18125,0,24.9904,13150
block_2,978,24.9625,1.2375,0,24.9932,13151
block_2,981,24.9625,1.29375,0,24.996,13153
block_2,982,24.9625,1.35,0,24.999,13154
block_2,1025,24.9625,1.40625,0,25.0021,13186
block_2,1026,24.9625,1.4625,0,25.0053,13187
block_2,1029,24.9625,1.51875,0,25.0087,13189
block_2,1030,24.9625,1.575,0,25.0121,13190
block_2,1041,24.9625,1.63125,0,25.0157,13198
block_2,1042,24.9625,1.6875,0,25.0195,13199
block_2,1045,24.9625,1.74375,0,25.0233,13201
block_2,1046,24.9625,1.8,0,25.0273,13202
block_2,610,24.9,0.05625,0,24.9001,12878
block_2,611,24.9,0,0,24.9,250
block_2,612,24.9,0.1125,0,24.9003,3328
block_2,615,24.9,0.16875,0,24.9006,12881
block_2,616,24.9,0.225,0,24.901,887
block_2,627,24.9,0.28125,0,24.9016,12890
block_2,628,24.9,0.3375,0,24.9023,3331
block_2,631,24.9,0.39375,0,24.9031,12893
block_2,632,24.9,0.45,0,24.9041,249
block_2,675,24.9,0.50625,0,24.9051,12926
block_2,676,24.9,0.5625,0,24.9064,3340
block_2,679,24.9,0.61875,0,24.9077,12929
block_2,680,24.9,0.675,0,24.9091,890
block_2,691,24.9,0.73125,0,24.9107,12938
block_2,692,24.9,0.7875,0,24.9124,3343
block_2,695,24.9,0.84375,0,24.9143,12941
block_2,696,24.9,0.9,0,24.9163,251
block_2,875,24.9,0.95625,0,24.9184,13074
block_2,876,24.9,1.0125,0,24.9206,3378
block_2,879,24.9,1.06875,0,24.9229,13077
block_2,880,24.9,1.125,0,24.9254,900
block_2,891,24.9,1.18125,0,24.928,13086
block_2,892,24.9,1.2375,0,24.9307,3381
block_2,895,24.9,1.29375,0,24.9336,13089
block_2,896,24.9,1.35,0,24.9366,253
block_2,939,24.9,1.40625,0,24.9397,13122
block_2,940,24.9,1.4625,0,24.9429,3390
block_2,943,24.9,1.51875,0,24.9463,13125
block_2,944,24.9,1.575,0,24.9498,903
block_2,955,24.9,1.63125,0,24.9534,13134
block_2,956,24.9,1.6875,0,24.9571,3393
block_2,959,24.9,1.74375,0,24.961,13137
block_2,960,24.9,1.8,0,24.965,254
block_2,607,24.8375,0.05625,0,24.8376,12875
block_2,608,24.8375,0,0,24.8375,12876
block_2,609,24.8375,0.1125,0,24.8378,12877
block_2,613,24.8375,0.16875,0,24.8381,12879
block_2,614,24.8375,0.225,0,24.8385,12880
block_2,625,24.8375,0.28125,0,24.8391,12888
block_2,626,24.8375,0.3375,0,24.8398,12889
block_2,629,24.8375,0.39375,0,24.8406,12891
block_2,630,24.8375,0.45,0,24.8416,12892
block_2,673,24.8375,0.50625,0,24.8427,12924
block_2,674,24.8375,0.5625,0,24.8439,12925
block_2,677,24.8375,0.61875,0,24.8452,12927
block_2,678,24.8375,0.675,0,24.8467,12928
block_2,689,24.8375,0.73125,0,24.8483,12936
block_2,690,24.8375,0.7875,0,24.85,12937
block_2,693,24.8375,0.84375,0,24.8518,12939
block_2,694,24.8375,0.9,0,24.8538,12940
block_2,873,24.8375,0.95625,0,24.8559,13072
block_2,874,24.8375,1.0125,0,24.8581,13073
block_2,877,24.8375,1.06875,0,24.8605,13075
block_2,878,24.8375,1.125,0,24.863,13076
block_2,889,24.8375,1.18125,0,24.8656,13084
block_2,890,24.8375,1.2375,0,24.8683,13085
block_2,893,24.8375,1.29375,0,24.8712,13087
block_2,894,24.8375,1.35,0,24.8742,13088
block_2,937,24.8375,1.40625,0,24.8773,13120
block_2,938,24.8375,1.4625,0,24.8805,13121
block_2,941,24.8375,1.51875,0,24.8839,13123
block_2,942,24.8375,1.575,0,24.8874,13124
block_2,953,24.8375,1.63125,0,24.891,13132
block_2,954,24.8375,1.6875,0,24.8948,13133
block_2,957,24.8375,1.74375,0,24.8986,13135
block_2,958,24.8375,1.8,0,24.9026,13136
block_2,600,24.775,0.05625,0,24.7751,12871
block_2,601,24.775,0,0,24.775,3326
block_2,602,24.775,0.1125,0,24.7753,3325
block_2,605,24.775,0.16875,0,24.7756,12874
block_2,606,24.775,0.225,0,24.776,3327
block_2,619,24.775,0.28125,0,24.7766,12884
block_2,620,24.775,0.3375,0,24.7773,3329
block_2,623,24.775,0.39375,0,24.7781,12887
block_2,624,24.775,0.45,0,24.7791,3330
block_2,667,24.775,0.50625,0,24.7802,12920
block_2,668,24.775,0.5625,0,24.7814,3338
block_2,671,24.775,0.61875,0,24.7827,12923
block_2,672,24.775,0.675,0,24.7842,3339
block_2,683,24.775,0.73125,0,24.7858,12932
block_2,684,24.775,0.7875,0,24.7875,3341
block_2,687,24.775,0.84375,0,24.7894,12935
block_2,688,24.775,0.9,0,24.7913,3342
block_2,867,24.775,0.95625,0,24.7934,13068
block_2,868,24.775,1.0125,0,24.7957,3376
block_2,871,24.775,1.06875,0,24.798,13071
block_2,872,24.775,1.125,0,24.8005,3377
block_2,883,24.775,1.18125,0,24.8031,13080
block_2,884,24.775,1.2375,0,24.8059,3379
block_2,887,24.775,1.29375,0,24.8088,13083
block_2,888,24.775,1.35,0,24.8118,3380
block_2,931,24.775,1.40625,0,24.8149,13116
block_2,932,24.775,1.4625,0,24.8181,3388
block_2,935,24.775,1.51875,0,24.8215,13119
block_2,936,24.775,1.575,0,24.825,3389
block_2,947,24.775,1.63125,0,24.8286,13128
block_2,948,24.775,1.6875,0,24.8324,3391
block_2,951,24.775,1.74375,0,24.8363,13131
block_2,952,24.775,1.8,0,24.8403,3392
block_2,597,24.7125,0.05625,0,24.7126,12868
block_2,598,24.7125,0,0,24.7125,12869
block_2,599,24.7125,0.1125,0,24.7128,12870
block_2,603,24.7125,0.16875,0,24.7131,12872
block_2,604,24.7125,0.225,0,24.7135,12873
block_2,617,24.7125,0.28125,0,24.7141,12882
block_2,618,24.7125,0.3375,0,24.7148,12883
block_2,621,24.7125,0.39375,0,24.7156,12885
block_2,622,24.7125,0.45,0,24.7166,12886
block_2,665,24.7125,0.50625,0,24.7177,12918
block_2,666,24.7125,0.5625,0,24.7189,12919
block_2,669,24.7125,0.61875,0,24.7202,12921
block_2,670,24.7125,0.675,0,24.7217,12922
block_2,681,24.7125,0.73125,0,24.7233,12930
block_2,682,24.7125,0.7875,0,24.725,12931
block_2,685,24.7125,0.84375,0,24.7269,12933
block_2,686,24.7125,0.9,0,24.7289,12934
block_2,865,24.7125,0.95625,0,24.731,13066
block_2,866,24.7125,1.0125,0,24.7332,13067
block_2,869,24.7125,1.06875,0,24.7356,13069
block_2,870,24.7125,1.125,0,24.7381,13070
block_2,881,24.7125,1.18125,0,24.7407,13078
block_2,882,24.7125,1.2375,0,24.7435,13079
block_2,885,24.7125,1.29375,0,24.7463,13081
block_2,886,24.7125,1.35,0,24.7493,13082
block_2,929,24.7125,1.40625,0,24.7525,13114
block_2,930,24.7125,1.4625,0,24.7557,13115
block_2,933,24.7125,1.51875,0,24.7591,13117
block_2,934,24.7125,1.575,0,24.7626,13118
block_2,945,24.7125,1.63125,0,24.7663,13126
block_2,946,24.7125,1.6875,0,24.77,13127
block_2,949,24.7125,1.74375,0,24.7739,13129
block_2,950,24.7125,1.8,0,24.778,13130
block_2,574,24.65,0.05625,0,24.6501,12852
block_2,575,24.65,0,0,24.65,885
block_2,576,24.65,0.1125,0,24.6503,3321
block_2,579,24.65,0.16875,0,24.6506,12855
block_2,580,24.65,0.225,0,24.651,884
block_2,591,24.65,0.28125,0,24.6516,12864
block_2,592,24.65,0.3375,0,24.6523,3324
block_2,595,24.65,0.39375,0,24.6531,12867
block_2,596,24.65,0.45,0,24.6541,886
block_2,643,24.65,0.50625,0,24.6552,12902
block_2,644,24.65,0.5625,0,24.6564,3334
block_2,647,24.65,0.61875,0,24.6578,12905
block_2,648,24.65,0.675,0,24.6592,888
block_2,659,24.65,0.73125,0,24.6608,12914
block_2,660,24.65,0.7875,0,24.6626,3337
block_2,663,24.65,0.84375,0,24.6644,12917
block_2,664,24.65,0.9,0,24.6664,889
block_2,843,24.65,0.95625,0,24.6685,13050
block_2,844,24.65,1.0125,0,24.6708,3372
block_2,847,24.65,1.06875,0,24.6732,13053
block_2,848,24.65,1.125,0,24.6757,898
block_2,859,24.65,1.18125,0,24.6783,13062
block_2,860,24.65,1.2375,0,24.681,3375
block_2,863,24.65,1.29375,0,24.6839,13065
block_2,864,24.65,1.35,0,24.6869,899
block_2,907,24.65,1.40625,0,24.6901,13098
block_2,908,24.65,1.4625,0,24.6933,3384
block_2,911,24.65,1.51875,0,24.6967,13101
block_2,912,24.65,1.575,0,24.7003,901
block_2,923,24.65,1.63125,0,24.7039,13110
block_2,924,24.65,1.6875,0,24.7077,3387
block_2,927,24.65,1.74375,0,24.7116,13113
block_2,928,24.65,1.8,0,24.7156,902
block_2,571,24.5875,0.05625,0,24.5876,12849
block_2,572,24.5875,0,0,24.5875,12850
block_2,573,24.5875,0.1125,0,24.5878,12851
block_2,577,24.5875,0.16875,0,24.5881,12853
block_2,578,24.5875,0.225,0,24.5885,12854
block_2,589,24.5875,0.28125,0,24.5891,12862
block_2,590,24.5875,0.3375,0,24.5898,12863
block_2,593,24.5875,0.39375,0,24.5907,12865
block_2,594,24.5875,0.45,0,24.5916,12866
block_2,641,24.5875,0.50625,0,24.5927,12900
block_2,642,24.5875,0.5625,0,24.5939,12901
block_2,645,24.5875,0.61875,0,24.5953,12903
block_2,646,24.5875,0.675,0,24.5968,12904
block_2,657,24.5875,0.73125,0,24.5984,12912
block_2,658,24.5875,0.7875,0,24.6001,12913
block_2,661,24.5875,0.84375,0,24.602,12915
block_2,662,24.5875,0.9,0,24.604,12916
block_2,841,24.5875,0.95625,0,24.6061,13048
block_2,842,24.5875,1.0125,0,24.6083,13049
block_2,845,24.5875,1.06875,0,24.6107,13051
block_2,846,24.5875,1.125,0,24.6132,13052
block_2,857,24.5875,1.18125,0,24.6159,13060
block_2,858,24.5875,1.2375,0,24.6186,13061
block_2,861,24.5875,1.29375,0,24.6215,13063
block_2,862,24.5875,1.35,0,24.6245,13064
block_2,905,24.5875,1.40625,0,24.6277,13096
block_2,906,24.5875,1.4625,0,24.631,13097
block_2,909,24.5875,1.51875,0,24.6344,13099
block_2,910,24.5875,1.575,0,24.6379,13100
block_2,921,24.5875,1.63125,0,24.6416,13108
block_2,922,24.5875,1.6875,0,24.6453,13109
block_2,925,24.5875,1.74375,0,24.6493,13111
block_2,926,24.5875,1.8,0,24.6533,13112
block_2,564,24.525,0.05625,0,24.5251,12845
block_2,565,24.525,0,0,24.525,3319
block_2,566,24.525,0.1125,0,24.5253,3318
block_2,569,24.525,0.16875,0,24.5256,12848
block_2,570,24.525,0.225,0,24.526,3320
block_2,583,24.525,0.28125,0,24.5266,12858
block_2,584,24.525,0.3375,0,24.5273,3322
block_2,587,24.525,0.39375,0,24.5282,12861
block_2,588,24.525,0.45,0,24.5291,3323
block_2,635,24.525,0.50625,0,24.5302,12896
block_2,636,24.525,0.5625,0,24.5314,3332
block_2,639,24.525,0.61875,0,24.5328,12899
block_2,640,24.525,0.675,0,24.5343,3333
block_2,651,24.525,0.73125,0,24.5359,12908
block_2,652,24.525,0.7875,0,24.5376,3335
block_2,655,24.525,0.84375,0,24.5395,12911
block_2,656,24.525,0.9,0,24.5415,3336
block_2,835,24.525,0.95625,0,24.5436,13044
block_2,836,24.525,1.0125,0,24.5459,3370
block_2,839,24.525,1.06875,0,24.5483,13047
block_2,840,24.525,1.125,0,24.5508,3371
block_2,851,24.525,1.18125,0,24.5534,13056
block_2,852,24.525,1.2375,0,24.5562,3373
block_2,855,24.525,1.29375,0,24.5591,13059
block_2,856,24.525,1.35,0,24.5621,3374
block_2,899,24.525,1.40625,0,24.5653,13092
block_2,900,24.525,1.4625,0,24.5686,3382
block_2,903,24.525,1.51875,0,24.572,13095
block_2,904,24.525,1.575,0,24.5755,3383
block_2,915,24.525,1.63125,0,24.5792,13104
block_2,916,24.525,1.6875,0,24.583,3385
block_2,919,24.525,1.74375,0,24.5869,13107
block_2,920,24.525,1.8,0,24.591,3386
block_2,561,24.4625,0.05625,0,24.4626,12842
block_2,562,24.4625,0,0,24.4625,12843
block_2,563,24.4625,0.1125,0,24.4628,12844
block_2,567,24.4625,0.16875,0,24.4631,12846
block_2,568,24.4625,0.225,0,24.4635,12847
block_2,581,24.4625,0.28125,0,24.4641,12856
block_2,582,24.4625,0.3375,0,24.4648,12857
block_2,585,24.4625,0.39375,0,24.4657,12859
block_2,586,24.4625,0.45,0,24.4666,12860
block_2,633,24.4625,0.50625,0,24.4677,12894
block_2,634,24.4625,0.5625,0,24.469,12895
block_2,637,24.4625,0.61875,0,24.4703,12897
block_2,638,24.4625,0.675,0,24.4718,12898
block_2,649,24.4625,0.73125,0,24.4734,12906
block_2,650,24.4625,0.7875,0,24.4752,12907
block_2,653,24.4625,0.84375,0,24.477,12909
block_2,654,24.4625,0.9,0,24.4791,12910
block_2,833,24.4625,0.95625,0,24.4812,13042
block_2,834,24.4625,1.0125,0,24.4834,13043
block_2,837,24.4625,1.06875,0,24.4858,13045
block_2,838,24.4625,1.125,0,24.4884,13046
block_2,849,24.4625,1.18125,0,24.491,13054
block_2,850,24.4625,1.2375,0,24.4938,13055
block_2,853,24.4625,1.29375,0,24.4967,13057
block_2,854,24.4625,1.35,0,24.4997,13058
block_2,897,24.4625,1.40625,0,24.5029,13090
block_2,898,24.4625,1.4625,0,24.5062,13091
block_2,901,24.4625,1.51875,0,24.5096,13093
block_2,902,24.4625,1.575,0,24.5132,13094
block_2,913,24.4625,1.63125,0,24.5168,13102
block_2,914,24.4625,1.6875,0,24.5206,13103
block_2,917,24.4625,1.74375,0,24.5246,13105
block_2,918,24.4625,1.8,0,24.5286,13106
block_2,202,24.4,0.05625,0,24.4001,12586
block_2,203,24.4,0,0,24.4,74
block_2,204,24.4,0.1125,0,24.4003,3254
block_2,207,24.4,0.16875,0,24.4006,12589
block_2,208,24.4,0.225,0,24.401,868
block_2,219,24.4,0.28125,0,24.4016,12598
block_2,220,24.4,0.3375,0,24.4023,3257
block_2,223,24.4,0.39375,0,24.4032,12601
block_2,224,24.4,0.45,0,24.4041,245
block_2,267,24.4,0.50625,0,24.4053,12634
block_2,268,24.4,0.5625,0,24.4065,3266
block_2,271,24.4,0.61875,0,24.4078,12637
block_2,272,24.4,0.675,0,24.4093,871
block_2,283,24.4,0.73125,0,24.411,12646
block_2,284,24.4,0.7875,0,24.4127,3269
block_2,287,24.4,0.84375,0,24.4146,12649
block_2,288,24.4,0.9,0,24.4166,73
block_2,475,24.4,0.95625,0,24.4187,12778
block_2,476,24.4,1.0125,0,24.421,3302
block_2,479,24.4,1.06875,0,24.4234,12781
block_2,480,24.4,1.125,0,24.4259,880
block_2,491,24.4,1.18125,0,24.4286,12790
block_2,492,24.4,1.2375,0,24.4314,3305
block_2,495,24.4,1.29375,0,24.4343,12793
block_2,496,24.4,1.35,0,24.4373,248
block_2,539,24.4,1.40625,0,24.4405,12826
block_2,540,24.4,1.4625,0,24.4438,3314
block_2,543,24.4,1.51875,0,24.4472,12829
block_2,544,24.4,1.575,0,24.4508,883
block_2,555,24.4,1.63125,0,24.4545,12838
block_2,556,24.4,1.6875,0,24.4583,3317
block_2,559,24.4,1.74375,0,24.4622,12841
block_2,560,24.4,1.8,0,24.4663,75
block_2,199,24.3375,0.05625,0,24.3376,12583
block_2,200,24.3375,0,0,24.3375,12584
block_2,201,24.3375,0.1125,0,24.3378,12585
block_2,205,24.3375,0.16875,0,24.3381,12587
block_2,206,24.3375,0.225,0,24.3385,12588
block_2,217,24.3375,0.28125,0,24.3391,12596
block_2,218,24.3375,0.3375,0,24.3398,12597
block_2,221,24.3375,0.39375,0,24.3407,12599
block_2,222,24.3375,0.45,0,24.3417,12600
block_2,265,24.3375,0.50625,0,24.3428,12632
block_2,266,24.3375,0.5625,0,24.344,12633
block_2,269,24.3375,0.61875,0,24.3454,12635
block_2,270,24.3375,0.675,0,24.3469,12636
block_2,281,24.3375,0.73125,0,24.3485,12644
block_2,282,24.3375,0.7875,0,24.3502,12645
block_2,285,24.3375,0.84375,0,24.3521,12647
block_2,286,24.3375,0.9,0,24.3541,12648
block_2,473,24.3375,0.95625,0,24.3563,12776
block_2,474,24.3375,1.0125,0,24.3586,12777
block_2,477,24.3375,1.06875,0,24.361,12779
block_2,478,24.3375,1.125,0,24.3635,12780
block_2,489,24.3375,1.18125,0,24.3661,12788
block_2,490,24.3375,1.2375,0,24.3689,12789
block_2,493,24.3375,1.29375,0,24.3719,12791
block_2,494,24.3375,1.35,0,24.3749,12792
block_2,537,24.3375,1.40625,0,24.3781,12824
block_2,538,24.3375,1.4625,0,24.3814,12825
block_2,541,24.3375,1.51875,0,24.3848,12827
block_2,542,24.3375,1.575,0,24.3884,12828
block_2,553,24.3375,1.63125,0,24.3921,12836
block_2,554,24.3375,1.6875,0,24.3959,12837
block_2,557,24.3375,1.74375,0,24.3999,12839
block_2,558,24.3375,1.8,0,24.404,12840
block_2,192,24.275,0.05625,0,24.2751,12579
block_2,193,24.275,0,0,24.275,3252
block_2,194,24.275,0.1125,0,24.2753,3251
block_2,197,24.275,0.16875,0,24.2756,12582
block_2,198,24.275,0.225,0,24.276,3253
block_2,211,24.275,0.28125,0,24.2766,12592
block_2,212,24.275,0.3375,0,24.2773,3255
block_2,215,24.275,0.39375,0,24.2782,12595
block_2,216,24.275,0.45,0,24.2792,3256
block_2,259,24.275,0.50625,0,24.2803,12628
block_2,260,24.275,0.5625,0,24.2815,3264
block_2,263,24.275,0.61875,0,24.2829,12631
block_2,264,24.275,0.675,0,24.2844,3265
block_2,275,24.275,0.73125,0,24.286,12640
block_2,276,24.275,0.7875,0,24.2878,3267
block_2,279,24.275,0.84375,0,24.2897,12643
block_2,280,24.275,0.9,0,24.2917,3268
block_2,467,24.275,0.95625,0,24.2938,12772
block_2,468,24.275,1.0125,0,24.2961,3300
block_2,471,24.275,1.06875,0,24.2985,12775
block_2,472,24.275,1.125,0,24.3011,3301
block_2,483,24.275,1.18125,0,24.3037,12784
block_2,484,24.275,1.2375,0,24.3065,3303
block_2,487,24.275,1.29375,0,24.3095,12787
block_2,488,24.275,1.35,0,24.3125,3304
block_2,531,24.275,1.40625,0,24.3157,12820
block_2,532,24.275,1.4625,0,24.319,3312
block_2,535,24.275,1.51875,0,24.3225,12823
block_2,536,24.275,1.575,0,24.326,3313
block_2,547,24.275,1.63125,0,24.3297,12832
block_2,548,24.275,1.6875,0,24.3336,3315
block_2,551,24.275,1.74375,0,24.3375,12835
block_2,552,24.275,1.8,0,24.3416,3316
block_2,189,24.2125,0.05625,0,24.2126,12576
block_2,190,24.2125,0,0,24.2125,12577
block_2,191,24.2125,0.1125,0,24.2128,12578
block_2,195,24.2125,0.16875,0,24.2131,12580
block_2,196,24.2125,0.225,0,24.2135,12581
block_2,209,24.2125,0.28125,0,24.2141,12590
block_2,210,24.2125,0.3375,0,24.2149,12591
block_2,213,24.2125,0.39375,0,24.2157,12593
block_2,214,24.2125,0.45,0,24.2167,12594
block_2,257,24.2125,0.50625,0,24.2178,12626
block_2,258,24.2125,0.5625,0,24.219,12627
block_2,261,24.2125,0.61875,0,24.2204,12629
block_2,262,24.2125,0.675,0,24.2219,12630
block_2,273,24.2125,0.73125,0,24.2235,12638
block_2,274,24.2125,0.7875,0,24.2253,12639
block_2,277,24.2125,0.84375,0,24.2272,12641
block_2,278,24.2125,0.9,0,24.2292,12642
block_2,465,24.2125,0.95625,0,24.2314,12770
block_2,466,24.2125,1.0125,0,24.2337,12771
block_2,469,24.2125,1.06875,0,24.2361,12773
block_2,470,24.2125,1.125,0,24.2386,12774
block_2,481,24.2125,1.18125,0,24.2413,12782
block_2,482,24.2125,1.2375,0,24.2441,12783
block_2,485,24.2125,1.29375,0,24.247,12785
block_2,486,24.2125,1.35,0,24.2501,12786
block_2,529,24.2125,1.40625,0,24.2533,12818
block_2,530,24.2125,1.4625,0,24.2566,12819
block_2,533,24.2125,1.51875,0,24.2601,12821
block_2,534,24.2125,1.575,0,24.2637,12822
block_2,545,24.2125,1.63125,0,24.2674,12830
block_2,546,24.2125,1.6875,0,24.2712,12831
block_2,549,24.2125,1.74375,0,24.2752,12833
block_2,550,24.2125,1.8,0,24.2793,12834
block_2,166,24.15,0.05625,0,24.1501,12560
block_2,167,24.15,0,0,24.15,866
block_2,168,24.15,0.1125,0,24.1503,3247
block_2,171,24.15,0.16875,0,24.1506,12563
block_2,172,24.15,0.225,0,24.151,865
block_2,183,24.15,0.28125,0,24.1516,12572
block_2,184,24.15,0.3375,0,24.1524,3250
block_2,187,24.15,0.39375,0,24.1532,12575
block_2,188,24.15,0.45,0,24.1542,867
block_2,235,24.15,0.50625,0,24.1553,12610
block_2,236,24.15,0.5625,0,24.1565,3260
block_2,239,24.15,0.61875,0,24.1579,12613
block_2,240,24.15,0.675,0,24.1594,869
block_2,251,24.15,0.73125,0,24.1611,12622
block_2,252,24.15,0.7875,0,24.1628,3263
block_2,255,24.15,0.84375,0,24.1647,12625
block_2,256,24.15,0.9,0,24.1668,870
block_2,443,24.15,0.95625,0,24.1689,12754
block_2,444,24.15,1.0125,0,24.1712,3296
block_2,447,24.15,1.06875,0,24.1736,12757
block_2,448,24.15,1.125,0,24.1762,878
block_2,459,24.15,1.18125,0,24.1789,12766
block_2,460,24.15,1.2375,0,24.1817,3299
block_2,463,24.15,1.29375,0,24.1846,12769
block_2,464,24.15,1.35,0,24.1877,879
block_2,507,24.15,1.40625,0,24.1909,12802
block_2,508,24.15,1.4625,0,24.1942,3308
block_2,511,24.15,1.51875,0,24.1977,12805
block_2,512,24.15,1.575,0,24.2013,881
block_2,523,24.15,1.63125,0,24.205,12814
block_2,524,24.15,1.6875,0,24.2089,3311
block_2,527,24.15,1.74375,0,24.2129,12817
block_2,528,24.15,1.8,0,24.217,882
block_2,163,24.0875,0.05625,0,24.0876,12557
block_2,164,24.0875,0,0,24.0875,12558
block_2,165,24.0875,0.1125,0,24.0878,12559
block_2,169,24.0875,0.16875,0,24.0881,12561
block_2,170,24.0875,0.225,0,24.0886,12562
block_2,181,24.0875,0.28125,0,24.0891,12570
block_2,182,24.0875,0.3375,0,24.0899,12571
block_2,185,24.0875,0.39375,0,24.0907,12573
block_2,186,24.0875,0.45,0,24.0917,12574
block_2,233,24.0875,0.50625,0,24.0928,12608
block_2,234,24.0875,0.5625,0,24.0941,12609
block_2,237,24.0875,0.61875,0,24.0954,12611
block_2,238,24.0875,0.675,0,24.097,12612
block_2,249,24.0875,0.73125,0,24.0986,12620
block_2,250,24.0875,0.7875,0,24.1004,12621
block_2,253,24.0875,0.84375,0,24.1023,12623
block_2,254,24.0875,0.9,0,24.1043,12624
block_2,441,24.0875,0.95625,0,24.1065,12752
block_2,442,24.0875,1.0125,0,24.1088,12753
block_2,445,24.0875,1.06875,0,24.1112,12755
block_2,446,24.0875,1.125,0,24.1138,12756
block_2,457,24.0875,1.18125,0,24.1164,12764
block_2,458,24.0875,1.2375,0,24.1193,12765
block_2,461,24.0875,1.29375,0,24.1222,12767
block_2,462,24.0875,1.35,0,24.1253,12768
block_2,505,24.0875,1.40625,0,24.1285,12800
block_2,506,24.0875,1.4625,0,24.1319,12801
block_2,509,24.0875,1.51875,0,24.1353,12803
block_2,510,24.0875,1.575,0,24.1389,12804
block_2,521,24.0875,1.63125,0,24.1427,12812
block_2,522,24.0875,1.6875,0,24.1465,12813
block_2,525,24.0875,1.74375,0,24.1505,12815
block_2,526,24.0875,1.8,0,24.1547,12816
block_2,156,24.025,0.05625,0,24.0251,12553
block_2,157,24.025,0,0,24.025,3245
block_2,158,24.025,0.1125,0,24.0253,3244
block_2,161,24.025,0.16875,0,24.0256,12556
block_2,162,24.025,0.225,0,24.0261,3246
block_2,175,24.025,0.28125,0,24.0266,12566
block_2,176,24.025,0.3375,0,24.0274,3248
block_2,179,24.025,0.39375,0,24.0282,12569
block_2,180,24.025,0.45,0,24.0292,3249
block_2,227,24.025,0.50625,0,24.0303,12604
block_2,228,24.025,0.5625,0,24.0316,3258
block_2,231,24.025,0.61875,0,24.033,12607
block_2,232,24.025,0.675,0,24.0345,3259
block_2,243,24.025,0.73125,0,24.0361,12616
block_2,244,24.025,0.7875,0,24.0379,3261
block_2,247,24.025,0.84375,0,24.0398,12619
block_2,248,24.025,0.9,0,24.0419,3262
block_2,435,24.025,0.95625,0,24.044,12748
block_2,436,24.025,1.0125,0,24.0463,3294
block_2,439,24.025,1.06875,0,24.0488,12751
block_2,440,24.025,1.125,0,24.0513,3295
block_2,451,24.025,1.18125,0,24.054,12760
block_2,452,24.025,1.2375,0,24.0568,3297
block_2,455,24.025,1.29375,0,24.0598,12763
block_2,456,24.025,1.35,0,24.0629,3298
block_2,499,24.025,1.40625,0,24.0661,12796
block_2,500,24.025,1.4625,0,24.0695,3306
block_2,503,24.025,1.51875,0,24.073,12799
block_2,504,24.025,1.575,0,24.0766,3307
block_2,515,24.025,1.63125,0,24.0803,12808
block_2,516,24.025,1.6875,0,24.0842,3309
block_2,519,24.025,1.74375,0,24.0882,12811
block_2,520,24.025,1.8,0,24.0923,3310
block_2,153,23.9625,0.05625,0,23.9626,12550
block_2,154,23.9625,0,0,23.9625,12551
block_2,155,23.9625,0.1125,0,23.9628,12552
block_2,159,23.9625,0.16875,0,23.9631,12554
block_2,160,23.9625,0.225,0,23.9636,12555
block_2,173,23.9625,0.28125,0,23.9642,12564
block_2,174,23.9625,0.3375,0,23.9649,12565
block_2,177,23.9625,0.39375,0,23.9657,12567
block_2,178,23.9625,0.45,0,23.9667,12568
block_2,225,23.9625,0.50625,0,23.9678,12602
block_2,226,23.9625,0.5625,0,23.9691,12603
block_2,229,23.9625,0.61875,0,23.9705,12605
block_2,230,23.9625,0.675,0,23.972,12606
block_2,241,23.9625,0.73125,0,23.9737,12614
block_2,242,23.9625,0.7875,0,23.9754,12615
block_2,245,23.9625,0.84375,0,23.9774,12617
block_2,246,23.9625,0.9,0,23.9794,12618
block_2,433,23.9625,0.95625,0,23.9816,12746
block_2,434,23.9625,1.0125,0,23.9839,12747
block_2,437,23.9625,1.06875,0,23.9863,12749
block_2,438,23.9625,1.125,0,23.9889,12750
block_2,449,23.9625,1.18125,0,23.9916,12758
block_2,450,23.9625,1.2375,0,23.9944,12759
block_2,453,23.9625,1.29375,0,23.9974,12761
block_2,454,23.9625,1.35,0,24.0005,12762
block_2,497,23.9625,1.40625,0,24.0037,12794
block_2,498,23.9625,1.4625,0,24.0071,12795
block_2,501,23.9625,1.51875,0,24.0106,12797
block_2,502,23.9625,1.575,0,24.0142,12798
block_2,513,23.9625,1.63125,0,24.018,12806
block_2,514,23.9625,1.6875,0,24.0218,12807
block_2,517,23.9625,1.74375,0,24.0259,12809
block_2,518,23.9625,1.8,0,24.03,12810
block_2,58,23.9,0.05625,0,23.9001,12486
block_2,59,23.9,0,0,23.9,243
block_2,60,23.9,0.1125,0,23.9003,3228
block_2,63,23.9,0.16875,0,23.9006,12489
block_2,64,23.9,0.225,0,23.9011,861
block_2,75,23.9,0.28125,0,23.9017,12498
block_2,76,23.9,0.3375,0,23.9024,3231
block_2,79,23.9,0.39375,0,23.9032,12501
block_2,80,23.9,0.45,0,23.9042,242
block_2,131,23.9,0.50625,0,23.9054,12534
block_2,132,23.9,0.5625,0,23.9066,3240
block_2,135,23.9,0.61875,0,23.908,12537
block_2,136,23.9,0.675,0,23.9095,864
block_2,147,23.9,0.73125,0,23.9112,12546
block_2,148,23.9,0.7875,0,23.913,3243
block_2,151,23.9,0.84375,0,23.9149,12549
block_2,152,23.9,0.9,0,23.9169,244
block_2,339,23.9,0.95625,0,23.9191,12682
block_2,340,23.9,1.0125,0,23.9214,3278
block_2,343,23.9,1.06875,0,23.9239,12685
block_2,344,23.9,1.125,0,23.9265,874
block_2,355,23.9,1.18125,0,23.9292,12694
block_2,356,23.9,1.2375,0,23.932,3281
block_2,359,23.9,1.29375,0,23.935,12697
block_2,360,23.9,1.35,0,23.9381,246
block_2,411,23.9,1.40625,0,23.9413,12730
block_2,412,23.9,1.4625,0,23.9447,3290
block_2,415,23.9,1.51875,0,23.9482,12733
block_2,416,23.9,1.575,0,23.9518,877
block_2,427,23.9,1.63125,0,23.9556,12742
block_2,428,23.9,1.6875,0,23.9595,3293
block_2,431,23.9,1.74375,0,23.9635,12745
block_2,432,23.9,1.8,0,23.9677,247
block_2,55,23.8375,0.05625,0,23.8376,12483
block_2,56,23.8375,0,0,23.8375,12484
block_2,57,23.8375,0.1125,0,23.8378,12485
block_2,61,23.8375,0.16875,0,23.8381,12487
block_2,62,23.8375,0.225,0,23.8386,12488
block_2,73,23.8375,0.28125,0,23.8392,12496
block_2,74,23.8375,0.3375,0,23.8399,12497
block_2,77,23.8375,0.39375,0,23.8408,12499
block_2,78,23.8375,0.45,0,23.8417,12500
block_2,129,23.8375,0.50625,0,23.8429,12532
block_2,130,23.8375,0.5625,0,23.8441,12533
block_2,133,23.8375,0.61875,0,23.8455,12535
block_2,134,23.8375,0.675,0,23.8471,12536
block_2,145,23.8375,0.73125,0,23.8487,12544
block_2,146,23.8375,0.7875,0,23.8505,12545
block_2,149,23.8375,0.84375,0,23.8524,12547
block_2,150,23.8375,0.9,0,23.8545,12548
block_2,337,23.8375,0.95625,0,23.8567,12680
block_2,338,23.8375,1.0125,0,23.859,12681
block_2,341,23.8375,1.06875,0,23.8614,12683
block_2,342,23.8375,1.125,0,23.864,12684
block_2,353,23.8375,1.18125,0,23.8668,12692
block_2,354,23.8375,1.2375,0,23.8696,12693
block_2,357,23.8375,1.29375,0,23.8726,12695
block_2,358,23.8375,1.35,0,23.8757,12696
block_2,409,23.8375,1.40625,0,23.8789,12728
block_2,410,23.8375,1.4625,0,23.8823,12729
block_2,413,23.8375,1.51875,0,23.8858,12731
block_2,414,23.8375,1.575,0,23.8895,12732
block_2,425,23.8375,1.63125,0,23.8932,12740
block_2,426,23.8375,1.6875,0,23.8972,12741
block_2,429,23.8375,1.74375,0,23.9012,12743
block_2,430,23.8375,1.8,0,23.9054,12744
block_2,48,23.775,0.05625,0,23.7751,12479
block_2,49,23.775,0,0,23.775,3226
block_2,50,23.775,0.1125,0,23.7753,3225
block_2,53,23.775,0.16875,0,23.7756,12482
block_2,54,23.775,0.225,0,23.7761,3227
block_2,67,23.775,0.28125,0,23.7767,12492
block_2,68,23.775,0.3375,0,23.7774,3229
block_2,71,23.775,0.39375,0,23.7783,12495
block_2,72,23.775,0.45,0,23.7793,3230
block_2,123,23.775,0.50625,0,23.7804,12528
block_2,124,23.775,0.5625,0,23.7817,3238
block_2,127,23.775,0.61875,0,23.7831,12531
block_2,128,23.775,0.675,0,23.7846,3239
block_2,139,23.775,0.73125,0,23.7862,12540
block_2,140,23.775,0.7875,0,23.788,3241
block_2,143,23.775,0.84375,0,23.79,12543
block_2,144,23.775,0.9,0,23.792,3242
block_2,331,23.775,0.95625,0,23.7942,12676
block_2,332,23.775,1.0125,0,23.7965,3276
block_2,335,23.775,1.06875,0,23.799,12679
block_2,336,23.775,1.125,0,23.8016,3277
block_2,347,23.775,1.18125,0,23.8043,12688
block_2,348,23.775,1.2375,0,23.8072,3279
block_2,351,23.775,1.29375,0,23.8102,12691
block_2,352,23.775,1.35,0,23.8133,3280
block_2,403,23.775,1.40625,0,23.8166,12724
block_2,404,23.775,1.4625,0,23.8199,3288
block_2,407,23.775,1.51875,0,23.8235,12727
block_2,408,23.775,1.575,0,23.8271,3289
block_2,419,23.775,1.63125,0,23.8309,12736
block_2,420,23.775,1.6875,0,23.8348,3291
block_2,423,23.775,1.74375,0,23.8389,12739
block_2,424,23.775,1.8,0,23.843,3292
block_2,45,23.7125,0.05625,0,23.7126,12476
block_2,46,23.7125,0,0,23.7125,12477
block_2,47,23.7125,0.1125,0,23.7128,12478
block_2,51,23.7125,0.16875,0,23.7131,12480
block_2,52,23.7125,0.225,0,23.7136,12481
block_2,65,23.7125,0.28125,0,23.7142,12490
block_2,66,23.7125,0.3375,0,23.7149,12491
block_2,69,23.7125,0.39375,0,23.7158,12493
block_2,70,23.7125,0.45,0,23.7168,12494
block_2,121,23.7125,0.50625,0,23.7179,12526
block_2,122,23.7125,0.5625,0,23.7192,12527
block_2,125,23.7125,0.61875,0,23.7206,12529
block_2,126,23.7125,0.675,0,23.7221,12530
block_2,137,23.7125,0.73125,0,23.7238,12538
block_2,138,23.7125,0.7875,0,23.7256,12539
block_2,141,23.7125,0.84375,0,23.7275,12541
block_2,142,23.7125,0.9,0,23.7296,12542
block_2,329,23.7125,0.95625,0,23.7318,12674
block_2,330,23.7125,1.0125,0,23.7341,12675
block_2,333,23.7125,1.06875,0,23.7366,12677
block_2,334,23.7125,1.125,0,23.7392,12678
block_2,345,23.7125,1.18125,0,23.7419,12686
block_2,346,23.7125,1.2375,0,23.7448,12687
block_2,349,23.7125,1.29375,0,23.7478,12689
block_2,350,23.7125,1.35,0,23.7509,12690
block_2,401,23.7125,1.40625,0,23.7542,12722
block_2,402,23.7125,1.4625,0,23.7576,12723
block_2,405,23.7125,1.51875,0,23.7611,12725
block_2,406,23.7125,1.575,0,23.7647,12726
block_2,417,23.7125,1.63125,0,23.7685,12734
block_2,418,23.7125,1.6875,0,23.7725,12735
block_2,421,23.7125,1.74375,0,23.7765,12737
block_2,422,23.7125,1.8,0,23.7807,12738
block_2,18,23.65,0.05625,0,23.6501,12460
block_2,19,23.65,0,0,23.65,859
block_2,20,23.65,0.1125,0,23.6503,3221
block_2,23,23.65,0.16875,0,23.6506,12463
block_2,24,23.65,0.225,0,23.6511,858
block_2,39,23.65,0.28125,0,23.6517,12472
block_2,40,23.65,0.3375,0,23.6524,3224
block_2,43,23.65,0.39375,0,23.6533,12475
block_2,44,23.65,0.45,0,23.6543,860
block_2,95,23.65,0.50625,0,23.6554,12510
block_2,96,23.65,0.5625,0,23.6567,3234
block_2,99,23.65,0.61875,0,23.6581,12513
block_2,100,23.65,0.675,0,23.6596,862
block_2,115,23.65,0.73125,0,23.6613,12522
block_2,116,23.65,0.7875,0,23.6631,3237
block_2,119,23.65,0.84375,0,23.665,12525
block_2,120,23.65,0.9,0,23.6671,863
block_2,303,23.65,0.95625,0,23.6693,12658
block_2,304,23.65,1.0125,0,23.6717,3272
block_2,307,23.65,1.06875,0,23.6741,12661
block_2,308,23.65,1.125,0,23.6767,872
block_2,323,23.65,1.18125,0,23.6795,12670
block_2,324,23.65,1.2375,0,23.6824,3275
block_2,327,23.65,1.29375,0,23.6854,12673
block_2,328,23.65,1.35,0,23.6885,873
block_2,375,23.65,1.40625,0,23.6918,12706
block_2,376,23.65,1.4625,0,23.6952,3284
block_2,379,23.65,1.51875,0,23.6987,12709
block_2,380,23.65,1.575,0,23.7024,875
block_2,395,23.65,1.63125,0,23.7062,12718
block_2,396,23.65,1.6875,0,23.7101,3287
block_2,399,23.65,1.74375,0,23.7142,12721
block_2,400,23.65,1.8,0,23.7184,876
block_2,15,23.5875,0.05625,0,23.5876,12457
block_2,16,23.5875,0,0,23.5875,12458
block_2,17,23.5875,0.1125,0,23.5878,12459
block_2,21,23.5875,0.16875,0,23.5881,12461
block_2,22,23.5875,0.225,0,23.5886,12462
block_2,37,23.5875,0.28125,0,23.5892,12470
block_2,38,23.5875,0.3375,0,23.5899,12471
block_2,41,23.5875,0.39375,0,23.5908,12473
block_2,42,23.5875,0.45,0,23.5918,12474
block_2,93,23.5875,0.50625,0,23.5929,12508
block_2,94,23.5875,0.5625,0,23.5942,12509
block_2,97,23.5875,0.61875,0,23.5956,12511
block_2,98,23.5875,0.675,0,23.5972,12512
block_2,113,23.5875,0.73125,0,23.5988,12520
block_2,114,23.5875,0.7875,0,23.6006,12521
block_2,117,23.5875,0.84375,0,23.6026,12523
block_2,118,23.5875,0.9,0,23.6047,12524
block_2,301,23.5875,0.95625,0,23.6069,12656
block_2,302,23.5875,1.0125,0,23.6092,12657
block_2,305,23.5875,1.06875,0,23.6117,12659
block_2,306,23.5875,1.125,0,23.6143,12660
block_2,321,23.5875,1.18125,0,23.6171,12668
block_2,322,23.5875,1.2375,0,23.6199,12669
block_2,325,23.5875,1.29375,0,23.623,12671
block_2,326,23.5875,1.35,0,23.6261,12672
block_2,373,23.5875,1.40625,0,23.6294,12704
block_2,374,23.5875,1.4625,0,23.6328,12705
block_2,377,23.5875,1.51875,0,23.6363,12707
block_2,378,23.5875,1.575,0,23.64,12708
block_2,393,23.5875,1.63125,0,23.6438,12716
block_2,394,23.5875,1.6875,0,23.6478,12717
block_2,397,23.5875,1.74375,0,23.6519,12719
block_2,398,23.5875,1.8,0,23.6561,12720
block_2,6,23.525,0.05625,0,23.5251,12453
block_2,7,23.525,0,0,23.525,3219
block_2,8,23.525,0.1125,0,23.5253,3218
block_2,13,23.525,0.16875,0,23.5256,12456
block_2,14,23.525,0.225,0,23.5261,3220
block_2,29,23.525,0.28125,0,23.5267,12466
block_2,30,23.525,0.3375,0,23.5274,3222
block_2,35,23.525,0.39375,0,23.5283,12469
block_2,36,23.525,0.45,0,23.5293,3223
block_2,85,23.525,0.50625,0,23.5304,12504
block_2,86,23.525,0.5625,0,23.5317,3232
block_2,91,23.525,0.61875,0,23.5331,12507
block_2,92,23.525,0.675,0,23.5347,3233
block_2,105,23.525,0.73125,0,23.5364,12516
block_2,106,23.525,0.7875,0,23.5382,3235
block_2,111,23.525,0.84375,0,23.5401,12519
block_2,112,23.525,0.9,0,23.5422,3236
block_2,293,23.525,0.95625,0,23.5444,12652
block_2,294,23.525,1.0125,0,23.5468,3270
block_2,299,23.525,1.06875,0,23.5493,12655
block_2,300,23.525,1.125,0,23.5519,3271
block_2,313,23.525,1.18125,0,23.5546,12664
block_2,314,23.525,1.2375,0,23.5575,3273
block_2,319,23.525,1.29375,0,23.5605,12667
block_2,320,23.525,1.35,0,23.5637,3274
block_2,365,23.525,1.40625,0,23.567,12700
block_2,366,23.525,1.4625,0,23.5704,3282
block_2,371,23.525,1.51875,0,23.574,12703
block_2,372,23.525,1.575,0,23.5777,3283
block_2,385,23.525,1.63125,0,23.5815,12712
block_2,386,23.525,1.6875,0,23.5854,3285
block_2,391,23.525,1.74375,0,23.5895,12715
block_2,392,23.525,1.8,0,23.5938,3286
block_2,390,23.4625,1.8,0,23.5314,12714
block_2,3,23.4625,0,0,23.4625,12451
block_2,5,23.4625,0.1125,0,23.4628,12452
block_2,10,23.4625,0.16875,0,23.4631,12454
block_2,12,23.4625,0.225,0,23.4636,12455
block_2,26,23.4625,0.28125,0,23.4642,12464
block_2,28,23.4625,0.3375,0,23.4649,12465
block_2,32,23.4625,0.39375,0,23.4658,12467
block_2,34,23.4625,0.45,0,23.4668,12468
block_2,82,23.4625,0.50625,0,23.468,12502
block_2,84,23.4625,0.5625,0,23.4692,12503
block_2,88,23.4625,0.61875,0,23.4707,12505
block_2,90,23.4625,0.675,0,23.4722,12506
block_2,102,23.4625,0.73125,0,23.4739,12514
block_2,104,23.4625,0.7875,0,23.4757,12515
block_2,108,23.4625,0.84375,0,23.4777,12517
block_2,110,23.4625,0.9,0,23.4798,12518
block_2,290,23.4625,0.95625,0,23.482,12650
block_2,292,23.4625,1.0125,0,23.4843,12651
block_2,296,23.4625,1.06875,0,23.4868,12653
block_2,298,23.4625,1.125,0,23.4895,12654
block_2,310,23.4625,1.18125,0,23.4922,12662
block_2,312,23.4625,1.2375,0,23.4951,12663
block_2,316,23.4625,1.29375,0,23.4981,12665
block_2,318,23.4625,1.35,0,23.5013,12666
block_2,362,23.4625,1.40625,0,23.5046,12698
block_2,364,23.4625,1.4625,0,23.508,12699
block_2,368,23.4625,1.51875,0,23.5116,12701
block_2,370,23.4625,1.575,0,23.5153,12702
block_2,382,23.4625,1.63125,0,23.5191,12710
block_2,384,23.4625,1.6875,0,23.5231,12711
block_2,388,23.4625,1.74375,0,23.5272,12713
block_2,390,23.4625,1.8,0,23.5314,12714
block_2,0,23.4,0,0,23.4,47
block_2,1,23.4,0.05625,0,23.4001,7898
block_2,4,23.4,0.1125,0,23.4003,2078
block_2,9,23.4,0.16875,0,23.4006,7904
block_2,11,23.4,0.225,0,23.4011,572
block_2,25,23.4,0.28125,0,23.4017,7922
block_2,27,23.4,0.3375,0,23.4024,2084
block_2,31,23.4,0.39375,0,23.4033,7928
block_2,33,23.4,0.45,0,23.4043,170
block_2,81,23.4,0.50625,0,23.4055,7994
block_2,83,23.4,0.5625,0,23.4068,2102
block_2,87,23.4,0.61875,0,23.4082,8000
block_2,89,23.4,0.675,0,23.4097,578
block_2,101,23.4,0.73125,0,23.4114,8018
block_2,103,23.4,0.7875,0,23.4132,2108
block_2,107,23.4,0.84375,0,23.4152,8024
block_2,109,23.4,0.9,0,23.4173,48
block_2,289,23.4,0.95625,0,23.4195,12322
block_2,291,23.4,1.0125,0,23.4219,3186
block_2,295,23.4,1.06875,0,23.4244,12328
block_2,297,23.4,1.125,0,23.427,850
block_2,309,23.4,1.18125,0,23.4298,12346
block_2,311,23.4,1.2375,0,23.4327,3192
block_2,315,23.4,1.29375,0,23.4357,12352
block_2,317,23.4,1.35,0,23.4389,240
block_2,361,23.4,1.40625,0,23.4422,12418
block_2,363,23.4,1.4625,0,23.4457,3210
block_2,367,23.4,1.51875,0,23.4492,12424
block_2,369,23.4,1.575,0,23.4529,856
block_2,381,23.4,1.63125,0,23.4568,12442
block_2,383,23.4,1.6875,0,23.4608,3216
block_2,387,23.4,1.74375,0,23.4649,12448
block_2,389,23.4,1.8,0,23.4691,72
